city,orders,returns,return_rate_pct,avg_risk_score
Ahmedabad,4156,771,18.55,0.24404941
Bengaluru,13437,2452,18.25,0.2471829
Chennai,7209,1488,20.64,0.2991779
Delhi,16262,3655,22.48,0.29686037
Hyderabad,8556,1813,21.19,0.3062474
Kolkata,5731,1284,22.4,0.34647754
Mumbai,16606,3700,22.28,0.2658198
Pune,8043,1550,19.27,0.19374122
